wavelength_nm,R,T,A
4.000000000000000000e+02,6.247758994453648075e-04,8.295491725100319347e-02,9.164203068495514470e-01
4.010000000000000000e+02,9.139165867123134673e-04,8.249924560589337597e-02,9.165868378073942502e-01
4.020000000000000000e+02,1.295528673494435786e-03,8.213010030902853642e-02,9.165743710174769632e-01
4.030000000000000000e+02,1.739651569528460895e-03,8.183619157177535186e-02,9.164241568586961595e-01
4.039999999999999432e+02,2.216601731865303938e-03,8.161968372776791381e-02,9.161637145403667137e-01
4.050000000000000000e+02,2.696975138020632143e-03,8.149876338119220465e-02,9.158042614807871962e-01
4.059999999999999432e+02,3.154545737902286068e-03,8.148446385927039792e-02,9.153609904028272570e-01
4.070000000000000000e+02,3.565270965264702961e-03,8.156773613483007945e-02,9.148669928999052514e-01
4.080000000000000000e+02,3.909244619324957724e-03,8.173897893770089296e-02,9.143517764429741623e-01
4.089999999999999432e+02,4.172923532895523972e-03,8.198046150873003479e-02,9.138466149583743814e-01
4.100000000000000000e+02,4.341422653033839840e-03,8.232560800538016310e-02,9.133329693415860318e-01
4.109999999999999432e+02,4.407198224618851488e-03,8.276426242880978446e-02,9.128285393465713771e-01
4.120000000000000000e+02,4.365995167496627798e-03,8.329671880546406226e-02,9.123372860270393403e-01
4.130000000000000000e+02,4.216937122217036434e-03,8.393476418812480244e-02,9.118482986896581100e-01
4.140000000000000000e+02,3.949273703266247861e-03,8.429980984990174953e-02,9.117509164468320382e-01
4.150000000000000000e+02,3.590062501968430565e-03,8.462341735095402218e-02,9.117865201470775061e-01
4.159999999999999432e+02,3.160793928669153145e-03,8.504383605179013927e-02,9.117953700195406963e-01
4.170000000000000000e+02,2.681533669143112714e-03,8.554731193649117715e-02,9.117711543943656238e-01
4.179999999999999432e+02,2.173656929545661302e-03,8.614162430327663988e-02,9.116847187671777153e-01
4.190000000000000000e+02,1.663032010893049318e-03,8.682388638103220868e-02,9.115130816080747600e-01
4.200000000000000000e+02,1.178535745334214789e-03,8.757611384124046328e-02,9.112453504134253590e-01
4.209999999999999432e+02,7.527539931144635980e-04,8.841118061343229695e-02,9.108360653934531870e-01
4.220000000000000000e+02,4.205173784834989083e-04,8.932213573398899153e-02,9.102573468875275742e-01
4.229999999999999432e+02,2.184227593832423133e-04,9.029985640806777181e-02,9.094817208325489677e-01
4.240000000000000000e+02,1.848275475862049607e-04,9.135403073985594313e-02,9.084611417125578736e-01
4.249999999999999432e+02,3.591911535720277316e-04,9.247898148003118324e-02,9.071618273663967225e-01
4.260000000000000000e+02,7.785816226924344857e-04,9.367286394718228604e-02,9.055485544301252743e-01
4.270000000000000000e+02,1.482430859687418768e-03,9.493208129157713893e-02,9.035854878487353803e-01
4.279999999999999432e+02,2.509528217991047108e-03,9.623958158494022586e-02,9.012508901970688324e-01
4.290000000000000000e+02,3.898019067795734701e-03,9.759042817150523352e-02,8.985115527606990504e-01
4.299999999999999432e+02,5.682392353444508555e-03,9.899601651947843861e-02,8.953215911270770988e-01
4.310000000000000000e+02,7.894466674151185553e-03,1.004505992339700532e-01,8.916549340918787925e-01
4.319999999999999432e+02,1.056257235444286492e-02,1.019510781310102726e-01,8.874863495145468573e-01
4.330000000000000000e+02,1.371093163539589474e-02,1.034972536988937597e-01,8.827918146657103282e-01
4.340000000000000000e+02,1.735412616972496422e-02,1.050714377695514956e-01,8.775744360607234951e-01
4.349999999999999432e+02,2.150439930721131584e-02,1.066700099319778383e-01,8.718255907608108979e-01
4.360000000000000000e+02,2.619387388122591809e-02,1.083019086921627322e-01,8.655042174266113220e-01
4.369999999999999432e+02,3.141702257937890180e-02,1.099732540111831580e-01,8.586097234094378639e-01
4.380000000000000000e+02,3.717642350628277276e-02,1.116867331571610722e-01,8.511368433365561481e-01
4.389999999999999432e+02,4.345135279484531321e-02,1.134376481109199974e-01,8.431109990942347032e-01
4.399999999999999432e+02,5.022109323089410382e-02,1.152203979932992228e-01,8.345585087758067289e-01
4.410000000000000000e+02,5.740653026370197420e-02,1.170248696900098029e-01,8.255686000462881813e-01
4.419999999999999432e+02,6.503212174263413303e-02,1.188679641842219081e-01,8.160999140731439727e-01
4.430000000000000000e+02,7.299276942731305895e-02,1.206553272174815811e-01,8.063519033552053461e-01
4.440000000000000000e+02,8.101540439332741150e-02,1.221162406098619257e-01,7.968683549968106350e-01
4.450000000000000000e+02,8.929885388702268889e-02,1.236225400965426102e-01,7.870786060164346454e-01
4.460000000000000000e+02,9.782823392643648364e-02,1.251822494630436267e-01,7.769895166105198481e-01
4.469999999999999432e+02,1.064919404860974889e-01,1.267822175472714807e-01,7.667258419666310720e-01
4.480000000000000000e+02,1.152738556869188358e-01,1.284436275364019830e-01,7.562825167766791257e-01
4.489999999999999432e+02,1.241247071396152507e-01,1.301735449806103451e-01,7.457017478797745014e-01
4.500000000000000000e+02,1.330314538473385266e-01,1.319887284880288947e-01,7.349798176646326064e-01
4.510000000000000000e+02,1.419193326079005724e-01,1.338935232909514439e-01,7.241871441011480393e-01
4.519999999999999432e+02,1.507285820871204496e-01,1.358987660601612413e-01,7.133726518527182536e-01
4.530000000000000000e+02,1.593977777845463628e-01,1.379917010783947851e-01,7.026105211370589076e-01
4.539999999999999432e+02,1.678814443173283211e-01,1.401801152204121548e-01,6.919384404622594964e-01
4.550000000000000000e+02,1.761517333541509633e-01,1.424919712426103435e-01,6.813562954032387209e-01
4.559999999999999432e+02,1.841671010372739892e-01,1.449353635958545161e-01,6.708975353668715780e-01
4.570000000000000000e+02,1.918901934535843234e-01,1.475126779562046797e-01,6.605971285902109136e-01
4.580000000000000000e+02,1.992796596383338836e-01,1.502477729169405529e-01,6.504725674447254802e-01
4.589999999999999432e+02,2.062988629887896608e-01,1.531533520739146725e-01,6.405477849372956944e-01
4.600000000000000000e+02,2.129086684898803816e-01,1.562464862418075084e-01,6.308448452683120822e-01
4.609999999999999432e+02,2.190570135336707969e-01,1.595271727730541711e-01,6.214158136932750320e-01
4.620000000000000000e+02,2.247417367102471086e-01,1.630172352496258026e-01,6.122410280401271443e-01
4.629999999999999432e+02,2.299321092967352709e-01,1.667290949804467737e-01,6.033387957228180110e-01
4.640000000000000000e+02,2.345999239711821227e-01,1.706764617496280279e-01,5.947236142791898494e-01
4.650000000000000000e+02,2.387205696512125219e-01,1.748786893813131793e-01,5.864007409674742988e-01
4.659999999999999432e+02,2.422829124706529225e-01,1.793699746971660069e-01,5.783471128321810983e-01
4.670000000000000000e+02,2.452706188071642202e-01,1.841936637252063191e-01,5.705357174676294330e-01
4.679999999999999432e+02,2.476281550759051875e-01,1.893370053271179743e-01,5.630348395969768660e-01
4.690000000000000000e+02,2.493246864457296652e-01,1.948097988969157979e-01,5.558655146573545647e-01
4.699999999999999432e+02,2.503401201647484364e-01,2.006116489068046349e-01,5.490482309284470119e-01
4.709999999999999432e+02,2.506560167841797582e-01,2.067197416765008400e-01,5.426242415393193186e-01
4.720000000000000000e+02,2.502629394982938127e-01,2.132087084331474869e-01,5.365283520685586449e-01
4.729999999999999432e+02,2.491419929941663947e-01,2.200965563488677390e-01,5.307614506569658941e-01
4.740000000000000000e+02,2.472634862341335227e-01,2.275077083174688319e-01,5.252288054483976731e-01
4.749999999999999432e+02,2.446013575513460991e-01,2.353928540550011272e-01,5.200057883936527459e-01
4.760000000000000000e+02,2.411412603677335897e-01,2.437423955802159592e-01,5.151163440520504233e-01
4.769999999999999432e+02,2.367825214854740734e-01,2.524512719897187285e-01,5.107662065248071981e-01
4.779999999999998863e+02,2.311664353409343398e-01,2.608470653102277215e-01,5.079864993488378833e-01
4.790000000000000000e+02,2.247867295417031730e-01,2.696561676244631500e-01,5.055571028338337047e-01
4.799999999999999432e+02,2.176515283867511696e-01,2.788744899058124282e-01,5.034739817074364021e-01
4.809999999999999432e+02,2.097499466511344168e-01,2.885347386537239212e-01,5.017153146951416343e-01
4.820000000000000000e+02,2.010823063747484429e-01,2.986467048869189678e-01,5.002709887383325338e-01
4.829999999999999432e+02,1.917146965283040294e-01,3.091247626728239051e-01,4.991605407988720100e-01
4.839999999999999432e+02,1.816893346114767105e-01,3.199357166777298533e-01,4.983749487107934084e-01
4.850000000000000000e+02,1.710979293905555421e-01,3.309925445361164287e-01,4.979095260733280015e-01
4.860000000000000000e+02,1.599885533037989360e-01,3.422675598201184166e-01,4.977438868760826751e-01
4.869999999999999432e+02,1.484229192768881378e-01,3.536975598585022085e-01,4.978795208646096815e-01
4.880000000000000568e+02,1.364961835211778440e-01,3.652177536913413514e-01,4.982860627874807768e-01
4.890000000000000000e+02,1.243309783156147097e-01,3.767335902596128383e-01,4.989354314247724798e-01
4.899999999999999432e+02,1.120332826016565975e-01,3.881629025534641952e-01,4.998038148448792350e-01
4.909999999999999432e+02,9.973255808506163722e-02,3.994013034008895291e-01,5.008661385140488198e-01
4.920000000000000000e+02,8.756978154196655428e-02,4.103348047410443344e-01,5.020954137169890696e-01
4.930000000000000000e+02,7.568100120905281447e-02,4.208556468904151027e-01,5.034633519005320412e-01
4.939999999999999432e+02,6.422962973797366470e-02,4.308286057843657146e-01,5.049417644776605929e-01
4.949999999999999432e+02,5.336686570328055823e-02,4.401321323682635400e-01,5.065010019284559295e-01
4.960000000000000000e+02,4.324054869610364366e-02,4.486484621162828423e-01,5.081109891876135487e-01
4.969999999999999432e+02,3.399874747216972276e-02,4.562149757108963088e-01,5.097862768169340031e-01
4.979999999999999432e+02,2.574052822267723986e-02,4.627979221431761658e-01,5.114615496341465839e-01
4.990000000000000000e+02,1.856475522198393346e-02,4.683203676750145594e-01,5.131148771030014100e-01
5.000000000000000000e+02,1.254470379615199929e-02,4.727251819258256327e-01,5.147301142780222882e-01
5.009999999999999432e+02,7.734782452895119786e-03,4.759751157040469360e-01,5.162901018430579025e-01
5.020000000000000000e+02,4.152944847698435311e-03,4.780576661582996989e-01,5.177893889940018424e-01
5.030000000000000000e+02,1.793359537636394834e-03,4.789828156278250759e-01,5.192238248345385498e-01
5.039999999999999432e+02,6.235649174036264359e-04,4.787824480482308909e-01,5.205939870343654352e-01
5.049999999999999432e+02,5.801277146205199289e-04,4.775716847520908304e-01,5.218481875332885433e-01
5.060000000000000000e+02,1.584877091884652391e-03,4.753435566591849293e-01,5.230715662489303641e-01
5.070000000000000000e+02,3.545470570927647825e-03,4.721963507255479420e-01,5.242581787035243135e-01
5.079999999999999432e+02,6.355835666454407069e-03,4.682263736884216820e-01,5.254177906451239499e-01
5.089999999999998863e+02,9.940391821224327934e-03,4.634078127270581104e-01,5.266517954517175859e-01
5.100000000000000000e+02,1.415546038168854007e-02,4.579339177304119213e-01,5.279106218878995005e-01
5.109999999999999432e+02,1.887337350850868539e-02,4.519231037186414723e-01,5.292035227728497659e-01
5.119999999999999432e+02,2.397288312144582600e-02,4.454784301577848216e-01,5.305486867207693802e-01
5.130000000000000000e+02,2.931635926242586940e-02,4.387710499144377163e-01,5.319125908231364663e-01
5.140000000000000000e+02,3.480947045901653519e-02,4.318534697946038725e-01,5.333370597463795715e-01
5.149999999999998863e+02,4.036460169331856224e-02,4.247766761894755105e-01,5.348587221172058648e-01
5.160000000000000000e+02,4.587101150499039992e-02,4.176719885378925579e-01,5.364569999571170422e-01
5.170000000000000000e+02,5.125901149601387596e-02,4.102779256004425723e-01,5.384630629035436211e-01
5.180000000000000000e+02,5.646016812842691301e-02,4.025783897276868362e-01,5.409614421438861953e-01
5.189999999999998863e+02,6.143985217355915629e-02,3.949919633434152422e-01,5.435681844830255738e-01
5.200000000000000000e+02,6.615310096307265575e-02,3.875561742820795574e-01,5.462907247548477452e-01
5.210000000000000000e+02,7.058056274668392249e-02,3.802473607528366606e-01,5.491720765004795002e-01
5.219999999999998863e+02,7.467604799025780171e-02,3.731492600815785043e-01,5.521746919281635968e-01
5.229999999999998863e+02,7.841486798589990259e-02,3.662773740577757731e-01,5.553077579563243660e-01
5.240000000000000000e+02,8.178123695014484495e-02,3.596458430702976217e-01,5.585729199795574917e-01
5.250000000000000000e+02,8.476501343087800011e-02,3.532644696865575584e-01,5.619705168825644970e-01
5.259999999999998863e+02,8.735572604307655087e-02,3.471531237280708337e-01,5.654911502288526570e-01
5.270000000000000000e+02,8.955992319724780104e-02,3.412772967870719709e-01,5.691627800156802142e-01
5.280000000000000000e+02,9.138204239637474913e-02,3.356611879325024916e-01,5.729567696711228564e-01
5.289999999999998863e+02,9.283221357079447789e-02,3.303033629061783438e-01,5.768644235230271367e-01
5.300000000000000000e+02,9.391375626070612437e-02,3.252069730877190090e-01,5.808792706515748527e-01
5.310000000000000000e+02,9.465062166395493692e-02,3.204302207972878347e-01,5.849191575387573394e-01
5.320000000000000000e+02,9.504902064002365702e-02,3.158901028272408928e-01,5.890608765327354224e-01
5.330000000000000000e+02,9.512415931094167498e-02,3.115792223609344935e-01,5.932966183281238592e-01
5.340000000000000000e+02,9.489283631237180328e-02,3.074894459687063097e-01,5.976177177189219147e-01
5.350000000000000000e+02,9.438163952438939630e-02,3.036006244314348179e-01,6.020177360441758552e-01
5.359999999999998863e+02,9.359696107430555412e-02,2.998727605006060171e-01,6.065302784250883317e-01
5.369999999999998863e+02,9.256047826179060467e-02,2.963406230738961367e-01,6.110988986643133281e-01
5.380000000000000000e+02,9.129379340517891628e-02,2.929945253304658270e-01,6.157116812643552706e-01
5.389999999999998863e+02,8.981936279922998756e-02,2.898246538448867038e-01,6.203559833558833780e-01
5.399999999999998863e+02,8.814550051475740500e-02,2.867717626410877796e-01,6.250827368441547183e-01
5.410000000000000000e+02,8.632448073650118847e-02,2.838995804594242056e-01,6.297759388040745643e-01
5.420000000000000000e+02,8.436918662879898390e-02,2.811738995202017199e-01,6.344569138509992268e-01
5.429999999999998863e+02,8.230454672126640003e-02,2.785850133037000020e-01,6.391104399750335840e-01
5.440000000000000000e+02,8.015881104352874653e-02,2.761256283632689823e-01,6.437155605932023406e-01
5.450000000000000000e+02,7.796650964404301665e-02,2.737925886672338827e-01,6.482409016887230591e-01
5.459999999999998863e+02,7.574155447525869611e-02,2.715672327221952398e-01,6.526912128025461612e-01
5.470000000000000000e+02,7.350962143710663976e-02,2.694406294939674651e-01,6.570497490689259923e-01
5.480000000000000000e+02,7.129637777840013013e-02,2.674040816157119971e-01,6.612995406058879144e-01
5.490000000000000000e+02,6.911131799146481847e-02,2.654308722502814466e-01,6.654578097582537488e-01
5.499999999999998863e+02,6.697185737687740004e-02,2.635052322518607881e-01,6.695229103712618812e-01
5.510000000000000000e+02,6.492755056737875563e-02,2.616472193620513753e-01,6.734252300705698691e-01
5.520000000000000000e+02,6.300638608549528896e-02,2.598510832091270317e-01,6.771425307053777765e-01
5.529999999999998863e+02,6.122970613663143713e-02,2.581078350616090034e-01,6.806624588017595734e-01
5.539999999999998863e+02,5.964825975226931837e-02,2.564314802462235310e-01,6.839202600015071853e-01
5.550000000000000000e+02,5.828175503969036664e-02,2.548134528858853054e-01,6.869047920744243418e-01
5.560000000000000000e+02,5.712280634897966974e-02,2.532257013532833723e-01,6.896514922977369233e-01
5.569999999999998863e+02,5.619129271367086925e-02,2.516625021450367705e-01,6.921462051412923255e-01
5.580000000000000000e+02,5.550584603417422352e-02,2.501185236115769928e-01,6.943756303542487629e-01
5.590000000000000000e+02,5.506868899589405231e-02,2.485712973555747884e-01,6.963600136485311731e-01
5.599999999999998863e+02,5.489830448940406088e-02,2.470173474386639367e-01,6.980843480719320926e-01
5.610000000000000000e+02,5.502518365891509444e-02,2.454703873255279500e-01,6.995044290155569833e-01
5.620000000000000000e+02,5.546223657781985950e-02,2.439266639674340376e-01,7.006110994547460891e-01
5.630000000000000000e+02,5.622057420056299909e-02,2.423828655953428890e-01,7.013965602040941327e-01
5.640000000000000000e+02,5.729853740887760893e-02,2.407650236355815543e-01,7.019364389555409200e-01
5.650000000000000000e+02,5.868479252945900393e-02,2.390674079313902523e-01,7.022477995391507299e-01
5.660000000000000000e+02,6.039467140444228221e-02,2.373677600143389577e-01,7.022375685812187740e-01
5.669999999999998863e+02,6.243073548186036520e-02,2.356646714713729884e-01,7.019045930467666672e-01
5.679999999999998863e+02,6.479374945956911658e-02,2.339571208710222727e-01,7.012491296694085552e-01
5.690000000000000000e+02,6.748001921933903524e-02,2.322361295457507357e-01,7.002838512349103262e-01
5.699999999999998863e+02,7.048478120124306023e-02,2.304906722874538183e-01,6.990245465113031909e-01
5.709999999999998863e+02,7.381083630298605758e-02,2.287404161726560303e-01,6.974487475243579260e-01
5.720000000000000000e+02,7.745228680300113300e-02,2.269857057958077351e-01,6.955620074011912291e-01
5.730000000000000000e+02,8.140170154129809654e-02,2.252271832163576515e-01,6.933711152423442936e-01
5.739999999999998863e+02,8.565021305963439746e-02,2.234657643981763919e-01,6.908840225421892800e-01
5.750000000000000000e+02,9.018864230139304883e-02,2.217089508538782061e-01,6.881024068447287867e-01
5.760000000000000000e+02,9.500408641045675340e-02,2.199516931823225774e-01,6.850442204072206831e-01
5.769999999999998863e+02,1.000855913649030954e-01,2.181930988453091025e-01,6.817213097897877327e-01
5.780000000000000000e+02,1.054221866746839070e-01,2.164305267160052115e-01,6.781472866093107843e-01
5.790000000000000000e+02,1.109948842879428521e-01,2.146730617657644502e-01,6.743320539462926977e-01
5.800000000000000000e+02,1.167797179210919578e-01,2.129231942584189352e-01,6.702970878204890237e-01
5.809999999999998863e+02,1.227456459233006725e-01,2.111950422482009870e-01,6.660593118284983127e-01
5.819999999999998863e+02,1.288971085970185282e-01,2.094775511484662234e-01,6.616253402545152484e-01
5.830000000000000000e+02,1.352180887126089859e-01,2.077729595237050031e-01,6.570089517636860110e-01
5.839999999999998863e+02,1.416923918246054959e-01,2.060835346807373958e-01,6.522240734946571639e-01
5.849999999999998863e+02,1.483052576075830631e-01,2.044102977233157870e-01,6.472844446691011777e-01
5.860000000000000000e+02,1.550666596913042594e-01,2.027406790911612244e-01,6.421926612175344884e-01
5.870000000000000000e+02,1.619351339559254865e-01,2.010937759498141741e-01,6.369710900942603393e-01
5.879999999999998863e+02,1.688945626972973291e-01,1.994718177825789973e-01,6.316336195201237569e-01
5.890000000000000000e+02,1.759291258229971899e-01,1.978769858894194600e-01,6.261938882875833778e-01
5.900000000000000000e+02,1.830233730715791485e-01,1.963114028059973759e-01,6.206652241224235311e-01
5.909999999999998863e+02,1.901809958007930068e-01,1.947511419226182761e-01,6.150678622765888282e-01
5.920000000000000000e+02,1.973836610644818523e-01,1.932027478828921008e-01,6.094135910526259359e-01
5.930000000000000000e+02,2.046009421399637707e-01,1.916909312179005953e-01,6.037081266421356895e-01
5.940000000000000000e+02,2.118193148238293744e-01,1.902175033539057203e-01,5.979631818222648221e-01
5.949999999999998863e+02,2.190258741693103528e-01,1.887841825501491710e-01,5.921899432805405317e-01
5.960000000000000000e+02,2.262083557529795397e-01,1.873925925541159720e-01,5.863990516929045160e-01
5.970000000000000000e+02,2.333513542254171402e-01,1.860435910831483575e-01,5.806050546914345301e-01
5.979999999999998863e+02,2.404472441559421525e-01,1.847391403861106673e-01,5.748136154579470691e-01
5.989999999999998863e+02,2.474861799798273587e-01,1.834806525800083687e-01,5.690331674401643003e-01
6.000000000000000000e+02,2.544585579051253377e-01,1.822693791196494939e-01,5.632720629752252517e-01
6.009999999999998863e+02,2.613296353019646245e-01,1.811134122424612192e-01,5.575569524555741285e-01
6.019999999999998863e+02,2.681161685531421313e-01,1.800056809073809216e-01,5.518781505394769749e-01
6.030000000000000000e+02,2.748041359191491506e-01,1.789421826630368806e-01,5.462536814178140521e-01
6.040000000000000000e+02,2.813940180536791957e-01,1.779293220249346663e-01,5.406766599213861380e-01
6.049999999999998863e+02,2.878751805289261889e-01,1.769673253327737339e-01,5.351574941383001605e-01
6.060000000000000000e+02,2.942394164238267273e-01,1.760479530618327682e-01,5.297126305143405878e-01
6.070000000000000000e+02,3.004864371303197501e-01,1.751827862101955624e-01,5.243307766594846875e-01
6.079999999999998863e+02,3.066121976221261036e-01,1.743733190763011864e-01,5.190144833015727377e-01
6.090000000000000000e+02,3.126144067428637263e-01,1.736227453845658741e-01,5.137628478725703163e-01
6.100000000000000000e+02,3.184864078871168513e-01,1.729282509303766979e-01,5.085853411825065340e-01
6.110000000000000000e+02,3.242007307549472639e-01,1.722941890807730136e-01,5.035050801642797502e-01
6.119999999999998863e+02,3.297790461027918507e-01,1.717165932041540277e-01,4.985043606930541493e-01
6.129999999999998863e+02,3.352187834646034315e-01,1.711959281578732950e-01,4.935852883775232458e-01
6.140000000000000000e+02,3.405188235565588806e-01,1.707313709001961055e-01,4.887498055432450972e-01
6.149999999999998863e+02,3.456807239050448399e-01,1.703195990956356820e-01,4.839996769993195613e-01
6.159999999999998863e+02,3.507210342430764349e-01,1.699638733621632036e-01,4.793150923947603337e-01
6.170000000000000000e+02,3.556151806423840100e-01,1.696674968863335631e-01,4.747173224712825101e-01
6.180000000000000000e+02,3.603620233466129363e-01,1.694308786458130489e-01,4.702070980075739870e-01
6.189999999999998863e+02,3.649606516467802653e-01,1.692544297740807002e-01,4.657849185791390623e-01
6.200000000000000000e+02,3.693902768034244555e-01,1.691334760335918286e-01,4.614762471629836327e-01
6.210000000000000000e+02,3.734049765833156731e-01,1.690425119771908069e-01,4.575525114394936033e-01
6.219999999999998863e+02,3.772741654064448724e-01,1.690118393371146666e-01,4.537139952564404610e-01
6.230000000000000000e+02,3.809978023638990741e-01,1.690417515577279095e-01,4.499604460783729332e-01
6.240000000000000000e+02,3.845759538209496675e-01,1.691325645426510482e-01,4.462914816363993120e-01
6.250000000000000000e+02,3.880087796916407705e-01,1.692846191660607458e-01,4.427066011422985392e-01
6.259999999999998863e+02,3.912777904855671007e-01,1.694972911513037139e-01,4.392249183631291576e-01
6.269999999999998863e+02,3.944155837724204750e-01,1.697640033505936896e-01,4.358204128769858077e-01
6.280000000000000000e+02,3.974131357249077734e-01,1.700908815826317755e-01,4.324959826924604789e-01
6.289999999999998863e+02,4.002676851166133698e-01,1.704802328645963483e-01,4.292520820187902819e-01
6.299999999999998863e+02,4.029796769466683637e-01,1.709325486124769200e-01,4.260877744408547163e-01
6.310000000000000000e+02,4.055495847426194844e-01,1.714483570004294577e-01,4.230020582569510301e-01
6.319999999999998863e+02,4.079779023690622841e-01,1.720282245737975446e-01,4.199938730571401990e-01
6.329999999999998863e+02,4.102615444830423064e-01,1.726736153110030314e-01,4.170648402059546900e-01
6.340000000000000000e+02,4.123992427162718188e-01,1.733854683596672830e-01,4.142152889240608982e-01
6.350000000000000000e+02,4.143969084895831601e-01,1.741631250495869199e-01,4.114399664608299756e-01
6.359999999999998863e+02,4.162664170133991703e-01,1.750119524034900176e-01,4.087216305831108398e-01
6.370000000000000000e+02,4.179668200641435960e-01,1.759305221019599741e-01,4.061026578338964854e-01
6.380000000000000000e+02,4.195281131480402825e-01,1.769180474673875125e-01,4.035538393845722327e-01
6.389999999999998863e+02,4.209507672352497121e-01,1.779754031468970543e-01,4.010738296178532059e-01
6.400000000000000000e+02,4.222363249814721220e-01,1.791017783068819258e-01,3.986618967116459800e-01
6.409999999999998863e+02,4.233717721508235554e-01,1.802933087171907922e-01,3.963349191319856524e-01
6.420000000000000000e+02,4.243707414062045657e-01,1.815567734185035143e-01,3.940724851752919200e-01
6.429999999999998863e+02,4.252335862507548025e-01,1.828932245795972800e-01,3.918731891696479175e-01
6.439999999999998863e+02,4.259606233745287796e-01,1.843037638786974297e-01,3.897356127467738185e-01
6.450000000000000000e+02,4.265521308758649655e-01,1.857895427278743739e-01,3.876583263962606329e-01
6.459999999999998863e+02,4.270196369814317494e-01,1.873589528872243171e-01,3.856214101313439335e-01
6.469999999999998863e+02,4.273550119862078445e-01,1.890020083023501718e-01,3.836429797114420115e-01
6.480000000000000000e+02,4.275547588595635662e-01,1.907248920878397147e-01,3.817203490525966636e-01
6.490000000000000000e+02,4.276189815127836580e-01,1.925289787294099386e-01,3.798520397578064034e-01
6.499999999999998863e+02,4.275477405494658711e-01,1.944156929438148884e-01,3.780365665067192404e-01
6.510000000000000000e+02,4.273329291117610174e-01,1.963758341702405708e-01,3.762912367179984119e-01
6.520000000000000000e+02,4.269835611864985503e-01,1.984206428105741993e-01,3.745957960029273059e-01
6.529999999999998863e+02,4.265035927310594221e-01,2.005421974225175819e-01,3.729542098464230238e-01
6.540000000000000000e+02,4.258955027540358707e-01,2.027359246275467208e-01,3.713685726184173808e-01
6.549999999999998863e+02,4.251526151615738769e-01,2.050187844074108923e-01,3.698286004310152308e-01
6.560000000000000000e+02,4.242747940751347979e-01,2.073924243499991882e-01,3.683327815748660417e-01
6.570000000000000000e+02,4.232618698702973470e-01,2.098585310302424067e-01,3.668795990994602185e-01
6.579999999999998863e+02,4.221136418628312348e-01,2.124188273906079949e-01,3.654675307465606870e-01
6.590000000000000000e+02,4.208298813945861583e-01,2.150750697418889190e-01,3.640950488635249505e-01
6.599999999999998863e+02,4.194093251299809699e-01,2.178323113384075249e-01,3.627583635316115052e-01
6.609999999999998863e+02,4.178548430144967130e-01,2.207084408790905561e-01,3.614367161064127032e-01
6.620000000000000000e+02,4.161627171473776809e-01,2.236873531929270409e-01,3.601499296596953337e-01
6.629999999999998863e+02,4.143326190348199378e-01,2.267709420097308026e-01,3.588964389554492040e-01
6.639999999999998863e+02,4.123642133186010139e-01,2.299611128300409757e-01,3.576746738513580937e-01
6.650000000000000000e+02,4.102571637945411354e-01,2.332597766775730830e-01,3.564830595278857817e-01
6.660000000000000000e+02,4.080104370501912436e-01,2.366498555022263084e-01,3.553397074475824757e-01
6.669999999999998863e+02,4.056258503712029118e-01,2.401505875486220354e-01,3.542235620801750251e-01
6.680000000000000000e+02,4.031033172699923783e-01,2.437636394080322511e-01,3.531330433219753706e-01
6.690000000000000000e+02,4.004421015760823988e-01,2.474913501915075031e-01,3.520665482324101259e-01
6.699999999999998863e+02,3.976419983341117348e-01,2.513355034938221655e-01,3.510224981720660997e-01
6.710000000000000000e+02,3.946847842493611536e-01,2.553097657548370480e-01,3.500054499958017984e-01
6.719999999999998863e+02,3.915820496682809182e-01,2.594084166004703706e-01,3.490095337312487112e-01
6.730000000000000000e+02,3.883404859582816337e-01,2.636286736313671608e-01,3.480308404103512054e-01
6.739999999999998863e+02,3.849616711946532988e-01,2.679706843832563301e-01,3.470676444220903711e-01
6.749999999999998863e+02,3.814504719169028446e-01,2.724317408509290273e-01,3.461177872321681281e-01
6.760000000000000000e+02,3.778010743119950554e-01,2.770186813980608509e-01,3.451802442899440937e-01
6.769999999999998863e+02,3.740138430829034188e-01,2.817326978681658489e-01,3.442534590489307322e-01
6.779999999999998863e+02,3.700892798799127470e-01,2.865748327114961969e-01,3.433358874085911117e-01
6.790000000000000000e+02,3.660280390266996142e-01,2.915459598110800576e-01,3.424260011622202726e-01
6.800000000000000000e+02,3.618309439913698355e-01,2.966467641486463247e-01,3.415222918599838398e-01
6.809999999999998863e+02,3.574907025856968734e-01,3.019076338312171592e-01,3.406016635830860229e-01
6.820000000000000000e+02,3.530224091297712308e-01,3.072912512639084381e-01,3.396863396063203311e-01
6.830000000000000000e+02,3.484226798354499999e-01,3.128043695462934815e-01,3.387729506182565742e-01
6.839999999999998863e+02,3.436914974320080529e-01,3.184490019022831464e-01,3.378595006657088562e-01
6.850000000000000000e+02,3.388307904645865842e-01,3.242245591362171719e-01,3.369446503991961883e-01
6.859999999999998863e+02,3.338543959195242605e-01,3.300961805580701069e-01,3.360494235224056325e-01
6.870000000000000000e+02,3.287545413158697305e-01,3.360949133391489263e-01,3.351505453449813987e-01
6.879999999999998863e+02,3.235340651487663699e-01,3.422190872898293046e-01,3.342468475614043255e-01
6.889999999999998863e+02,3.181777051909557286e-01,3.484356158023334538e-01,3.333866790067107622e-01
6.900000000000000000e+02,3.126238264622274721e-01,3.546787112201109093e-01,3.326974623176616741e-01
6.909999999999998863e+02,3.069618344066707416e-01,3.610323228618658731e-01,3.320058427314634408e-01
6.919999999999998863e+02,3.011959508766352545e-01,3.674928501839690997e-01,3.313111989393955903e-01
6.930000000000000000e+02,2.953308003476764476e-01,3.740561900654751915e-01,3.306130095868483609e-01
6.939999999999998863e+02,2.893714248564591141e-01,3.807177134034669397e-01,3.299108617400738908e-01
6.949999999999998863e+02,2.833232973330015447e-01,3.874722431562170888e-01,3.292044595107813665e-01
6.960000000000000000e+02,2.771923330116866091e-01,3.943140342223504513e-01,3.284936327659629951e-01
6.970000000000000000e+02,2.709848219225270416e-01,4.012395478129356929e-01,3.277756302645372655e-01
6.979999999999998863e+02,2.647074029928170313e-01,4.082420755707207860e-01,3.270505214364621827e-01
6.990000000000000000e+02,2.583673771721796686e-01,4.153113460434374460e-01,3.263212767843828299e-01
6.999999999999998863e+02,2.519724939308308209e-01,4.224391797457587305e-01,3.255883263234105041e-01
7.009999999999998863e+02,2.455309629846628150e-01,4.296167683849884122e-01,3.248522686303487728e-01
7.020000000000000000e+02,2.390514470816003101e-01,4.368346749315525912e-01,3.241138779868470987e-01
7.029999999999998863e+02,2.325430504712597268e-01,4.440828387282988454e-01,3.233741108004413722e-01
7.040000000000000000e+02,2.260153027644576373e-01,4.513505860806946712e-01,3.226341111548477469e-01
7.049999999999998863e+02,2.194754041049750692e-01,4.586275582784652416e-01,3.218970376165596337e-01
7.059999999999998863e+02,2.129337273083889981e-01,4.659016546208532006e-01,3.211646180707578013e-01
7.070000000000000000e+02,2.064036959651412428e-01,4.731594763751142407e-01,3.204368276597445719e-01
7.079999999999998863e+02,1.998962914296374960e-01,4.803881123019910770e-01,3.197155962683714270e-01
7.089999999999998863e+02,1.934092339778362979e-01,4.875962725812582610e-01,3.189944934409054689e-01
7.100000000000000000e+02,1.869497677223659615e-01,4.947775458290623596e-01,3.182726864485717067e-01
7.110000000000000000e+02,1.805475722305530939e-01,5.018885403215384011e-01,3.175638874479085327e-01
7.119999999999998863e+02,1.742144454080723770e-01,5.089147594909523287e-01,3.168707951009752666e-01
7.130000000000000000e+02,1.679708704419806409e-01,5.158380018915801335e-01,3.161911276664391979e-01
7.140000000000000000e+02,1.618327417918255795e-01,5.226427309423210543e-01,3.155245272658533384e-01
7.149999999999998863e+02,1.557987216856079327e-01,5.293197321003937361e-01,3.148815462139983312e-01
7.160000000000000000e+02,1.498803736137080955e-01,5.358541332037624061e-01,3.142654931825294984e-01
7.169999999999998863e+02,1.440890385225982173e-01,5.422311620424647982e-01,3.136797994349369567e-01
7.180000000000000000e+02,1.384357601168897667e-01,5.484362391212977972e-01,3.131280007618124639e-01
7.189999999999998863e+02,1.329312098596497627e-01,5.544550724176905421e-01,3.126137177226596675e-01
7.199999999999998863e+02,1.275856126320857875e-01,5.602737529995769350e-01,3.121406343683372775e-01
7.210000000000000000e+02,1.223948542718361482e-01,5.658972859086406348e-01,3.117078598195232031e-01
7.219999999999998863e+02,1.173725585521808168e-01,5.712954045144259529e-01,3.113320369333932858e-01
7.229999999999998863e+02,1.125372200881672724e-01,5.764523546706118440e-01,3.110104252412209114e-01
7.240000000000000000e+02,1.078966395613326079e-01,5.813565744780897493e-01,3.107467859605776983e-01
7.249999999999998863e+02,1.034578332974880888e-01,5.859973509307306871e-01,3.105448157717812796e-01
7.259999999999998863e+02,9.922698298307139342e-02,5.903648958830050031e-01,3.104081211339235757e-01
7.270000000000000000e+02,9.520939275065004592e-02,5.944504141205508851e-01,3.103401931287990134e-01
7.280000000000000000e+02,9.140945428626463809e-02,5.982461625466325428e-01,3.103443831671027775e-01
7.289999999999998863e+02,8.783062047613782175e-02,6.017454996446458537e-01,3.104238798792162690e-01
7.300000000000000000e+02,8.446284788473999716e-02,6.049846703383702229e-01,3.105524817768897661e-01
7.309999999999998863e+02,8.131940343607708954e-02,6.079367504469608274e-01,3.107438461169620414e-01
7.319999999999998863e+02,7.840293893314216611e-02,6.105810369343274147e-01,3.110160241325303776e-01
7.330000000000000000e+02,7.571318489013542652e-02,6.129154629163234835e-01,3.113713521935410622e-01
7.339999999999998863e+02,7.324894147715406423e-02,6.149391343475114624e-01,3.118119241753344317e-01
7.350000000000000000e+02,7.100810416547664872e-02,6.166523150862317504e-01,3.123395807482916009e-01
7.359999999999998863e+02,6.898769714804210695e-02,6.180564016965960361e-01,3.129559011553618708e-01
7.369999999999998863e+02,6.718391389860993435e-02,6.191538885907538203e-01,3.136621975106362870e-01
7.380000000000000000e+02,6.559216413399869550e-02,6.199483242574116426e-01,3.144595116085896480e-01
7.389999999999998863e+02,6.419731466929470831e-02,6.204397232686351682e-01,3.153629620620701512e-01
7.399999999999998863e+02,6.300333076678431288e-02,6.206375823117644686e-01,3.163590869214512047e-01
7.410000000000000000e+02,6.200357831425450106e-02,6.205483491403186447e-01,3.174480725454268404e-01
7.420000000000000000e+02,6.119087472445006171e-02,6.201792805250221363e-01,3.186298447505278020e-01
7.429999999999998863e+02,6.055755525376597947e-02,6.195383676930490413e-01,3.199040770531850209e-01
7.440000000000000000e+02,6.009554034336034994e-02,6.186342590475183423e-01,3.212702006091212592e-01
7.449999999999998863e+02,5.979640312015131742e-02,6.174761812487108426e-01,3.227274156311378261e-01
7.459999999999998863e+02,5.965143625086614942e-02,6.160738596909919318e-01,3.242747040581419604e-01
7.470000000000000000e+02,5.965240340168428967e-02,6.144378726692586445e-01,3.259097239290570380e-01
7.479999999999998863e+02,5.979569484889048214e-02,6.125823229971942840e-01,3.276219821539152477e-01
7.490000000000000000e+02,6.006596367790624502e-02,6.105141492201922038e-01,3.294198871019015096e-01
7.499999999999998863e+02,6.045402695851888331e-02,6.082442458237973248e-01,3.313017272176838057e-01
7.509999999999998863e+02,6.095072133621468741e-02,6.057836322203117296e-01,3.332656464434735621e-01
7.520000000000000000e+02,6.153857484493924224e-02,6.031721782634920093e-01,3.352892468915686930e-01
7.529999999999998863e+02,6.220779463211126986e-02,6.004235175135665958e-01,3.373686878543221690e-01
7.539999999999998863e+02,6.295862379127854791e-02,5.975175048845521308e-01,3.395238713241692796e-01
7.550000000000000000e+02,6.378246763029868371e-02,5.944650153418218341e-01,3.417525170278794544e-01
7.559999999999998863e+02,6.467095624603408366e-02,5.912767678722529174e-01,3.440522758817129434e-01
7.569999999999998863e+02,6.561847821650962365e-02,5.879613060572347338e-01,3.464202157262555870e-01
7.580000000000000000e+02,6.661469489962371093e-02,5.845302643601509862e-01,3.488550407402253306e-01
7.590000000000000000e+02,6.765205167874124847e-02,5.809936817597258774e-01,3.513542665615329019e-01
7.599999999999998863e+02,6.872331114266826135e-02,5.773613023070307548e-01,3.539153865503009699e-01
7.610000000000000000e+02,6.982715691489232990e-02,5.736560012200807579e-01,3.565168418650269677e-01
7.619999999999998863e+02,7.095169685887474376e-02,5.698740721605127790e-01,3.591742309806125188e-01
7.629999999999998863e+02,7.209074590649118541e-02,5.660241641897920672e-01,3.618850899037167057e-01
7.639999999999998863e+02,7.323846842122964940e-02,5.621145641004990923e-01,3.646469674782713000e-01
7.649999999999998863e+02,7.438937996723778145e-02,5.581531881276021734e-01,3.674574319051600035e-01
7.660000000000000000e+02,7.554046036365923145e-02,5.541506437103692617e-01,3.703088959259714930e-01
7.669999999999998863e+02,7.668576273577427938e-02,5.501124168739088827e-01,3.732018203903167963e-01
7.679999999999998863e+02,7.781995014470026450e-02,5.460439732540230962e-01,3.761360766012766810e-01
7.690000000000000000e+02,7.893892011641673312e-02,5.419517032657422684e-01,3.791093766178409430e-01
7.699999999999998863e+02,8.003889916622632106e-02,5.378416276798965168e-01,3.821194731538771761e-01
7.709999999999998863e+02,8.110917518149558803e-02,5.337038057444229988e-01,3.851870190740813715e-01
7.720000000000000000e+02,8.215347461656531680e-02,5.295589424339628426e-01,3.882875829494718545e-01
7.730000000000000000e+02,8.316894977500484398e-02,5.254120444313864491e-01,3.914190057936086653e-01
7.739999999999998863e+02,8.415304499045653253e-02,5.212677775620606635e-01,3.945791774474828317e-01
7.750000000000000000e+02,8.509127922717825421e-02,5.171240727228527678e-01,3.977846480499689363e-01
7.759999999999998863e+02,8.585321135287186933e-02,5.130511259288967896e-01,4.010956627182313827e-01
7.769999999999998863e+02,8.657796484430151096e-02,5.089950475515820916e-01,4.044269876041164391e-01
7.780000000000000000e+02,8.726418136007786652e-02,5.049590564962317396e-01,4.077767621436904077e-01
7.789999999999998863e+02,8.791071972310302018e-02,5.009461019773243651e-01,4.111431782995725870e-01
7.800000000000000000e+02,8.851664438046270844e-02,4.969588762575977703e-01,4.145244793619395351e-01
7.809999999999998863e+02,8.908121400729125672e-02,4.929998273735257119e-01,4.179189586191829897e-01
7.819999999999998863e+02,8.960387030912585205e-02,4.890711717648856816e-01,4.213249579259884525e-01
7.830000000000000000e+02,9.008422706825675030e-02,4.851749067377541524e-01,4.247408661939891528e-01
7.839999999999998863e+02,9.052205947147513865e-02,4.813128227008644511e-01,4.281651178276603686e-01
7.849999999999998863e+02,9.091918104689918068e-02,4.774871188245567999e-01,4.315937001285439778e-01
7.860000000000000000e+02,9.127811703626236006e-02,4.736998684938154014e-01,4.350220144699222802e-01
7.869999999999998863e+02,9.159462426164168003e-02,4.699508284817375814e-01,4.384545472566207525e-01
7.879999999999998863e+02,9.186901482367235139e-02,4.662410816316133744e-01,4.418899035447142465e-01
7.890000000000000000e+02,9.210171408936866644e-02,4.625715605689400545e-01,4.453267253416913207e-01
7.899999999999998863e+02,9.229325215815152583e-02,4.589430577439529424e-01,4.487636900978955179e-01
7.909999999999998863e+02,9.244425570231172562e-02,4.553562350575708351e-01,4.521995092401174254e-01
7.920000000000000000e+02,9.255544017982626770e-02,4.518116330655288504e-01,4.556329267546448403e-01
7.929999999999998863e+02,9.262760241505105241e-02,4.483096797591893390e-01,4.590627178257595808e-01
7.939999999999998863e+02,9.266161354075110046e-02,4.448506989247050236e-01,4.624876875345438898e-01
7.949999999999998863e+02,9.265749143906661101e-02,4.414345217556134848e-01,4.659079868053198625e-01
7.959999999999998863e+02,9.261352270901161698e-02,4.380601818505539535e-01,4.693262954404344711e-01
7.970000000000000000e+02,9.253448307274030060e-02,4.347293757011647664e-01,4.727361412260949747e-01
7.979999999999998863e+02,9.242148300157275453e-02,4.314420829557952253e-01,4.761364340426320618e-01
7.989999999999998863e+02,9.227567691243966641e-02,4.281982146339804451e-01,4.795261084535799023e-01
8.000000000000000000e+02,9.209825805940202725e-02,4.249976191396227510e-01,4.829041228009751663e-01
